{"name":"2fd777fb-3f83-43b6-8a27-7a445a560d5f","id":"/providers/Microsoft.Flow/flows/2fd777fb-3f83-43b6-8a27-7a445a560d5f","type":"Microsoft.Flow/flows","properties":{"apiId":"/providers/Microsoft.PowerApps/apis/shared_logicflows","displayName":"SCCM Application Approval","definition":{"metadata":{"workflowEntityId":null,"processAdvisorMetadata":null,"flowclientsuspensionreason":"None","flowclientsuspensiontime":null,"creator":{"id":"18240509-7437-4fbc-9032-73a744325b0c","type":"User","tenantId":"798e8657-b5f0-4b06-b73f-67751041071b"},"provisioningMethod":"FromDefinition","failureAlertSubscription":true,"clientLastModifiedTime":"2021-11-11T15:27:56.7135774Z"},"$schema":"https://schema.management.azure.com/providers/Microsoft.Logic/schemas/2016-06-01/workflowdefinition.json#","contentVersion":"1.0.0.0","parameters":{"$connections":{"defaultValue":{},"type":"Object"},"$authentication":{"defaultValue":{},"type":"SecureObject"}},"triggers":{"Application_Approval_Email_arrives":{"splitOn":"@triggerOutputs()?['body/value']","metadata":{"operationMetadataId":"bac34157-479f-4128-a293-1d7177facf07"},"type":"OpenApiConnectionNotification","inputs":{"host":{"apiId":"/providers/Microsoft.PowerApps/apis/shared_office365","connectionName":"shared_office365","operationId":"OnNewEmailV3"},"parameters":{"folderPath":"Inbox","includeAttachments":false,"subjectFilter":"application installation request","importance":"Any","fetchOnlyWithAttachment":false},"authentication":"@parameters('$authentication')"}}},"actions":{"Html_to_text":{"runAfter":{},"metadata":{"operationMetadataId":"6cd95388-9570-4ae9-9ad9-c9ee2ec494f7"},"type":"OpenApiConnection","inputs":{"host":{"apiId":"/providers/Microsoft.PowerApps/apis/shared_conversionservice","connectionName":"shared_conversionservice","operationId":"HtmlToText"},"parameters":{"Content":"<p>@{triggerOutputs()?['body/body']}</p>"},"authentication":"@parameters('$authentication')"}},"Search_for_users_(V2)":{"runAfter":{"DisplayName":["Succeeded"]},"metadata":{"operationMetadataId":"cff03abd-c4a2-49f8-81c9-902cdeab0c38"},"type":"OpenApiConnection","inputs":{"host":{"apiId":"/providers/Microsoft.PowerApps/apis/shared_office365users","connectionName":"shared_office365users","operationId":"SearchUserV2"},"parameters":{"searchTerm":"DisplayName"},"authentication":"@parameters('$authentication')"}},"Get_manager_(V2)":{"runAfter":{"Search_for_users_(V2)":["Succeeded"]},"metadata":{"operationMetadataId":"1cb05c19-69a8-4dec-9cf6-87d8f039a6af"},"type":"OpenApiConnection","inputs":{"host":{"apiId":"/providers/Microsoft.PowerApps/apis/shared_office365users","connectionName":"shared_office365users","operationId":"Manager_V2"},"parameters":{"id":"@outputs('Search_for_users_(V2)')?['body/value']"},"authentication":"@parameters('$authentication')"}},"Remove_Linefeeds":{"runAfter":{"Html_to_text":["Succeeded"]},"metadata":{"operationMetadataId":"fb82db9b-ad0e-428a-a606-4de78e0f16a5"},"type":"Compose","inputs":"@uriComponentToString(replace(uriComponent(body('Html_to_text')), '%0A', ''))"},"Index_of_left_parens":{"runAfter":{"Remove_Linefeeds":["Succeeded"]},"metadata":{"operationMetadataId":"c74abaf2-fd50-44f2-9775-fd2e88d5343e"},"type":"Compose","inputs":"@add(int(indexOf(outputs('Remove_Linefeeds'), '(')), -10)"},"DisplayName":{"runAfter":{"Index_of_left_parens":["Succeeded"]},"metadata":{"operationMetadataId":"190f5285-c0bc-4e50-8fb4-7f8ce7fad615"},"type":"Compose","inputs":"@substring(outputs('Remove_Linefeeds'), 9,outputs('Index_of_left_parens'))"},"Forward_an_email_(V2)":{"runAfter":{"Get_manager_(V2)":["Succeeded"]},"metadata":{"operationMetadataId":"0172d509-a145-40d1-b2f6-962d30acd374"},"type":"OpenApiConnection","inputs":{"host":{"apiId":"/providers/Microsoft.PowerApps/apis/shared_office365","connectionName":"shared_office365","operationId":"ForwardEmail_V2"},"parameters":{"message_id":"@triggerOutputs()?['body/id']","body/ToRecipients":"@outputs('Get_manager_(V2)')?['body/mail']"},"authentication":"@parameters('$authentication')"}}}},"connectionReferences":{"shared_conversionservice":{"connectionName":"shared-conversionser-c02e2dae-631e-4704-a65d-cf39-108e9335","source":"Embedded","id":"/providers/Microsoft.PowerApps/apis/shared_conversionservice","tier":"NotSpecified"},"shared_office365users":{"connectionName":"4b0d14686dc0406385a5b55924b413cf","source":"Embedded","id":"/providers/Microsoft.PowerApps/apis/shared_office365users","tier":"NotSpecified"},"shared_office365":{"connectionName":"shared-office365-07a4eb71-d152-4a29-8df7-46ff-7991076a","source":"Embedded","id":"/providers/Microsoft.PowerApps/apis/shared_office365","tier":"NotSpecified"}},"flowFailureAlertSubscribed":false}}